row_type,part,mode,repetition,MiB_s,wall_s,user_cpu_s,system_cpu_s,process_cpu_s,effective_cores,cpu_us_op,residency_before_ppm,residency_after_dontneed_ppm,residency_after_prewarm_ppm,residency_before_measurement_ppm,slow_start_mostly_nonresident,peak_process_tasks,peak_go_threads,peak_not_in_go,peak_runnable,voluntary_cs,involuntary_cs,average_submit_batch,max_submit_batch,average_cq_drain,max_cq_drain,submit_enter_calls,wait_enter_calls,enter_op,force_async,lock_submitter_thread,record_issuer_tids,worker_config
run,slow,blocking,1,40076.899783825866,5.000860872,0.344129,34.629195,34.973324000000005,6.993460705099178,174.50104032052852,1000000,0,,0,True,74,74,58,996,34659,25572,,,,,,,,,,,null
run,slow,blocking,2,39441.573303934216,5.000764003,0.357327,34.801588,35.158915,7.0307087034916815,178.25629442602337,1000000,0,,0,True,131,131,116,997,36595,24639,,,,,,,,,,,null
run,slow,blocking,3,38038.30387810916,5.000748735,0.360926,34.739311,35.100237,7.018996326357117,184.52442960782253,1000000,0,,0,True,164,164,155,998,37973,24323,,,,,,,,,,,null
run,slow,normal,1,6397.266983983612,5.113902559,0.206527,5.238689,5.445216,1.0647868114766714,166.44401650618983,1000000,0,,0,True,8,8,2,95,8736,33,474.1304347826087,1000,380.40697674418607,999,69,71,0.004279382546232615,False,False,False,"{""bounded_worker_limit_requested"": false, ""iowq_worker_limit_query_attempted"": true, ""iowq_worker_limit_registration_attempted"": false, ""iowq_worker_limit_registration_supported"": true, ""post_set_bounded_worker_max"": null, ""post_set_query_error"": """", ""post_set_unbounded_worker_max"": null, ""previous_bounded_worker_max"": 32, ""previous_unbounded_worker_max"": 56743, ""query_error"": """", ""registration_error"": """", ""registration_returned_bounded_worker_max"": null, ""registration_returned_unbounded_worker_max"": null, ""requested_bounded_worker_max"": null, ""requested_unbounded_worker_max"": null, ""unbounded_worker_limit_requested"": false}"
run,slow,normal,2,6450.55830069056,5.123587519,0.221589,5.241516,5.463105,1.0662655765595794,165.2981845688351,1000000,0,,0,True,8,8,2,109,10289,28,486.02941176470586,1000,367.22222222222223,1000,68,81,0.004508320726172466,False,False,False,"{""bounded_worker_limit_requested"": false, ""iowq_worker_limit_query_attempted"": true, ""iowq_worker_limit_registration_attempted"": false, ""iowq_worker_limit_registration_supported"": true, ""post_set_bounded_worker_max"": null, ""post_set_query_error"": """", ""post_set_unbounded_worker_max"": null, ""previous_bounded_worker_max"": 32, ""previous_unbounded_worker_max"": 56743, ""query_error"": """", ""registration_error"": """", ""registration_returned_bounded_worker_max"": null, ""registration_returned_unbounded_worker_max"": null, ""requested_bounded_worker_max"": null, ""requested_unbounded_worker_max"": null, ""unbounded_worker_limit_requested"": false}"
run,slow,normal,3,6354.669508486323,5.075952409,0.226387,5.192731,5.419118,1.067606148235658,168.00341021825398,1000000,0,,0,True,8,8,2,97,9466,31,488.72727272727275,995,418.90909090909093,995,66,71,0.004247271825396825,False,False,False,"{""bounded_worker_limit_requested"": false, ""iowq_worker_limit_query_attempted"": true, ""iowq_worker_limit_registration_attempted"": false, ""iowq_worker_limit_registration_supported"": true, ""post_set_bounded_worker_max"": null, ""post_set_query_error"": """", ""post_set_unbounded_worker_max"": null, ""previous_bounded_worker_max"": 32, ""previous_unbounded_worker_max"": 56743, ""query_error"": """", ""registration_error"": """", ""registration_returned_bounded_worker_max"": null, ""registration_returned_unbounded_worker_max"": null, ""requested_bounded_worker_max"": null, ""requested_unbounded_worker_max"": null, ""unbounded_worker_limit_requested"": false}"
run,resident,blocking,1,42119.580094993275,5.00095204,0.335192,38.748969,39.084161,7.815344095961377,185.55132976955724,1000000,,1000000,1000000,False,37,37,30,993,21076,24570,,,,,,,,,,,null
run,resident,blocking,2,41520.955334229526,5.000896495,0.349283,38.559607,38.90889,7.780382985111152,187.3844886872598,1000000,,1000000,1000000,False,34,34,26,993,22700,24125,,,,,,,,,,,null
run,resident,blocking,3,41558.00613054495,5.001009898,0.307949,38.954042,39.261991,7.850812496032376,188.91215500981562,1000000,,1000000,1000000,False,40,40,25,993,21332,24283,,,,,,,,,,,null
run,resident,normal,1,6550.743897093425,5.104458444,0.29307,5.206069,5.499139,1.077320750150082,164.45777259405466,1000000,,1000000,1000000,False,12,12,2,123,13892,116,491.7352941176471,563,491.7352941176471,563,68,67,0.004037322806387942,False,False,False,"{""bounded_worker_limit_requested"": false, ""iowq_worker_limit_query_attempted"": true, ""iowq_worker_limit_registration_attempted"": false, ""iowq_worker_limit_registration_supported"": true, ""post_set_bounded_worker_max"": null, ""post_set_query_error"": """", ""post_set_unbounded_worker_max"": null, ""previous_bounded_worker_max"": 32, ""previous_unbounded_worker_max"": 56743, ""query_error"": """", ""registration_error"": """", ""registration_returned_bounded_worker_max"": null, ""registration_returned_unbounded_worker_max"": null, ""requested_bounded_worker_max"": null, ""requested_unbounded_worker_max"": null, ""unbounded_worker_limit_requested"": false}"
run,resident,normal,2,6362.439974599256,5.099615891,0.251983,5.21883,5.470813,1.0727892290192096,168.61286445170438,1000000,,1000000,1000000,False,12,12,2,43,13212,92,491.6060606060606,556,491.6060606060606,556,66,65,0.004037477655180916,False,False,False,"{""bounded_worker_limit_requested"": false, ""iowq_worker_limit_query_attempted"": true, ""iowq_worker_limit_registration_attempted"": false, ""iowq_worker_limit_registration_supported"": true, ""post_set_bounded_worker_max"": null, ""post_set_query_error"": """", ""post_set_unbounded_worker_max"": null, ""previous_bounded_worker_max"": 32, ""previous_unbounded_worker_max"": 56743, ""query_error"": """", ""registration_error"": """", ""registration_returned_bounded_worker_max"": null, ""registration_returned_unbounded_worker_max"": null, ""requested_bounded_worker_max"": null, ""requested_unbounded_worker_max"": null, ""unbounded_worker_limit_requested"": false}"
run,resident,normal,3,6439.198635370824,5.125016616,0.265588,5.243498,5.509086,1.0749401246429051,166.93694130480895,1000000,,1000000,1000000,False,12,12,2,110,13625,119,492.55223880597015,553,492.55223880597015,553,67,66,0.0040301809036089814,False,False,False,"{""bounded_worker_limit_requested"": false, ""iowq_worker_limit_query_attempted"": true, ""iowq_worker_limit_registration_attempted"": false, ""iowq_worker_limit_registration_supported"": true, ""post_set_bounded_worker_max"": null, ""post_set_query_error"": """", ""post_set_unbounded_worker_max"": null, ""previous_bounded_worker_max"": 32, ""previous_unbounded_worker_max"": 56743, ""query_error"": """", ""registration_error"": """", ""registration_returned_bounded_worker_max"": null, ""registration_returned_unbounded_worker_max"": null, ""requested_bounded_worker_max"": null, ""requested_unbounded_worker_max"": null, ""unbounded_worker_limit_requested"": false}"
run,resident,U1,1,6276.938890903351,5.152192902,0.577293,6.191398,6.7686910000000005,1.313749529326144,209.297804576376,1000000,,1000000,1000000,False,12,11,2,2,177067,19,1.0461618089476918,388,1.0098360655737706,4,30913,31991,1.945083487940631,True,True,False,"{""bounded_worker_limit_requested"": false, ""iowq_worker_limit_query_attempted"": true, ""iowq_worker_limit_registration_attempted"": true, ""iowq_worker_limit_registration_supported"": true, ""post_set_bounded_worker_max"": 32, ""post_set_query_error"": """", ""post_set_unbounded_worker_max"": 1, ""previous_bounded_worker_max"": 32, ""previous_unbounded_worker_max"": 56743, ""query_error"": """", ""registration_error"": """", ""registration_returned_bounded_worker_max"": 32, ""registration_returned_unbounded_worker_max"": 56743, ""requested_bounded_worker_max"": 32, ""requested_unbounded_worker_max"": 1, ""unbounded_worker_limit_requested"": true}"
run,resident,U1,2,6374.640889838457,5.154800179,0.638321,6.137112,6.7754330000000005,1.3143929472964349,206.19090079123558,1000000,,1000000,1000000,False,12,11,2,2,179442,19,1.057782069853533,891,1.0129157547547856,3,31065,32395,1.931223371880706,True,True,False,"{""bounded_worker_limit_requested"": false, ""iowq_worker_limit_query_attempted"": true, ""iowq_worker_limit_registration_attempted"": true, ""iowq_worker_limit_registration_supported"": true, ""post_set_bounded_worker_max"": 32, ""post_set_query_error"": """", ""post_set_unbounded_worker_max"": 1, ""previous_bounded_worker_max"": 32, ""previous_unbounded_worker_max"": 56743, ""query_error"": """", ""registration_error"": """", ""registration_returned_bounded_worker_max"": 32, ""registration_returned_unbounded_worker_max"": 56743, ""requested_bounded_worker_max"": 32, ""requested_unbounded_worker_max"": 1, ""unbounded_worker_limit_requested"": true}"
run,resident,U1,3,6144.232108656801,5.1536139,0.655047,6.096799,6.751846,1.3101187110660346,213.227411969051,1000000,,1000000,1000000,False,12,11,2,1,172951,11,1.0632261097307099,468,1.0081826286296485,3,29782,31384,1.931659561029528,True,True,False,"{""bounded_worker_limit_requested"": false, ""iowq_worker_limit_query_attempted"": true, ""iowq_worker_limit_registration_attempted"": true, ""iowq_worker_limit_registration_supported"": true, ""post_set_bounded_worker_max"": 32, ""post_set_query_error"": """", ""post_set_unbounded_worker_max"": 1, ""previous_bounded_worker_max"": 32, ""previous_unbounded_worker_max"": 56743, ""query_error"": """", ""registration_error"": """", ""registration_returned_bounded_worker_max"": 32, ""registration_returned_unbounded_worker_max"": 56743, ""requested_bounded_worker_max"": 32, ""requested_unbounded_worker_max"": 1, ""unbounded_worker_limit_requested"": true}"
run,resident,U2,1,12385.191004721744,5.077273332,1.206501,11.814758,13.021258999999999,2.564616507433679,207.0712116152219,1000000,,1000000,1000000,False,13,11,2,2,296202,38,1.091282994637558,353,1.1281485468245425,5,57623,54068,1.7761716203107358,True,True,False,"{""bounded_worker_limit_requested"": false, ""iowq_worker_limit_query_attempted"": true, ""iowq_worker_limit_registration_attempted"": true, ""iowq_worker_limit_registration_supported"": true, ""post_set_bounded_worker_max"": 32, ""post_set_query_error"": """", ""post_set_unbounded_worker_max"": 2, ""previous_bounded_worker_max"": 32, ""previous_unbounded_worker_max"": 56743, ""query_error"": """", ""registration_error"": """", ""registration_returned_bounded_worker_max"": 32, ""registration_returned_unbounded_worker_max"": 56743, ""requested_bounded_worker_max"": 32, ""requested_unbounded_worker_max"": 2, ""unbounded_worker_limit_requested"": true}"
run,resident,U2,2,12124.087832763136,5.079309953,1.16461,11.801424,12.966034,2.552715648380909,210.5490890195187,1000000,,1000000,1000000,False,13,11,2,3,293040,34,1.0882711576863944,274,1.1162832852973699,6,56587,53488,1.7874541262057095,True,True,False,"{""bounded_worker_limit_requested"": false, ""iowq_worker_limit_query_attempted"": true, ""iowq_worker_limit_registration_attempted"": true, ""iowq_worker_limit_registration_supported"": true, ""post_set_bounded_worker_max"": 32, ""post_set_query_error"": """", ""post_set_unbounded_worker_max"": 2, ""previous_bounded_worker_max"": 32, ""previous_unbounded_worker_max"": 56743, ""query_error"": """", ""registration_error"": """", ""registration_returned_bounded_worker_max"": 32, ""registration_returned_unbounded_worker_max"": 56743, ""requested_bounded_worker_max"": 32, ""requested_unbounded_worker_max"": 2, ""unbounded_worker_limit_requested"": true}"
run,resident,U2,3,12089.978445980048,5.079992514,1.262137,11.757352,13.019489,2.562895312172108,211.98510184476612,1000000,,1000000,1000000,False,13,12,2,73,287820,35,1.1009393037679704,156,1.1283667095351828,4,55786,52482,1.7628343943859193,True,True,False,"{""bounded_worker_limit_requested"": false, ""iowq_worker_limit_query_attempted"": true, ""iowq_worker_limit_registration_attempted"": true, ""iowq_worker_limit_registration_supported"": true, ""post_set_bounded_worker_max"": 32, ""post_set_query_error"": """", ""post_set_unbounded_worker_max"": 2, ""previous_bounded_worker_max"": 32, ""previous_unbounded_worker_max"": 56743, ""query_error"": """", ""registration_error"": """", ""registration_returned_bounded_worker_max"": 32, ""registration_returned_unbounded_worker_max"": 56743, ""requested_bounded_worker_max"": 32, ""requested_unbounded_worker_max"": 2, ""unbounded_worker_limit_requested"": true}"
run,resident,U4,1,22949.146740869586,5.042322545,2.307089,22.830921,25.13801,4.9854030113418695,217.23696604647546,1000000,,1000000,1000000,False,15,11,2,3,486127,6028,1.1972540661341722,224,1.1107730113172773,44,96652,96098,1.665701668726289,True,True,False,"{""bounded_worker_limit_requested"": false, ""iowq_worker_limit_query_attempted"": true, ""iowq_worker_limit_registration_attempted"": true, ""iowq_worker_limit_registration_supported"": true, ""post_set_bounded_worker_max"": 32, ""post_set_query_error"": """", ""post_set_unbounded_worker_max"": 4, ""previous_bounded_worker_max"": 32, ""previous_unbounded_worker_max"": 56743, ""query_error"": """", ""registration_error"": """", ""registration_returned_bounded_worker_max"": 32, ""registration_returned_unbounded_worker_max"": 56743, ""requested_bounded_worker_max"": 32, ""requested_unbounded_worker_max"": 4, ""unbounded_worker_limit_requested"": true}"
run,resident,U4,2,21338.89153740552,5.0441233,2.083303,22.698549,24.781852,4.913014715560185,230.23757850533278,1000000,,1000000,1000000,False,16,11,2,3,465391,2434,1.1703508791005666,726,1.0987525775300626,5,91969,90722,1.6973038760266081,True,True,False,"{""bounded_worker_limit_requested"": false, ""iowq_worker_limit_query_attempted"": true, ""iowq_worker_limit_registration_attempted"": true, ""iowq_worker_limit_registration_supported"": true, ""post_set_bounded_worker_max"": 32, ""post_set_query_error"": """", ""post_set_unbounded_worker_max"": 4, ""previous_bounded_worker_max"": 32, ""previous_unbounded_worker_max"": 56743, ""query_error"": """", ""registration_error"": """", ""registration_returned_bounded_worker_max"": 32, ""registration_returned_unbounded_worker_max"": 56743, ""requested_bounded_worker_max"": 32, ""requested_unbounded_worker_max"": 4, ""unbounded_worker_limit_requested"": true}"
run,resident,U4,3,22003.446992078545,5.047754565,2.152537,22.780121,24.932658,4.939356238292065,224.48102063600678,1000000,,1000000,1000000,False,16,12,2,4,471683,7748,1.18706781381927,781,1.1146817073293123,38,93565,91983,1.6705801851118234,True,True,False,"{""bounded_worker_limit_requested"": false, ""iowq_worker_limit_query_attempted"": true, ""iowq_worker_limit_registration_attempted"": true, ""iowq_worker_limit_registration_supported"": true, ""post_set_bounded_worker_max"": 32, ""post_set_query_error"": """", ""post_set_unbounded_worker_max"": 4, ""previous_bounded_worker_max"": 32, ""previous_unbounded_worker_max"": 56743, ""query_error"": """", ""registration_error"": """", ""registration_returned_bounded_worker_max"": 32, ""registration_returned_unbounded_worker_max"": 56743, ""requested_bounded_worker_max"": 32, ""requested_unbounded_worker_max"": 4, ""unbounded_worker_limit_requested"": true}"
run,resident,U8,1,27135.504012955294,5.032594933,0.015638,40.192311,40.207949,7.98950631538936,294.42999516703037,1000000,,1000000,1000000,False,20,12,2,162,22201,20701,11.18718767920046,949,16.18800379326695,109,12207,4102,0.11942560888094784,True,True,False,"{""bounded_worker_limit_requested"": false, ""iowq_worker_limit_query_attempted"": true, ""iowq_worker_limit_registration_attempted"": true, ""iowq_worker_limit_registration_supported"": true, ""post_set_bounded_worker_max"": 32, ""post_set_query_error"": """", ""post_set_unbounded_worker_max"": 8, ""previous_bounded_worker_max"": 32, ""previous_unbounded_worker_max"": 56743, ""query_error"": """", ""registration_error"": """", ""registration_returned_bounded_worker_max"": 32, ""registration_returned_unbounded_worker_max"": 56743, ""requested_bounded_worker_max"": 32, ""requested_unbounded_worker_max"": 8, ""unbounded_worker_limit_requested"": true}"
run,resident,U8,2,27092.258688517588,5.034205585,0.01888,40.186804,40.205684000000005,7.986500217590937,294.7890136962197,1000000,,1000000,1000000,False,20,12,2,140,22071,20673,11.184845005740527,833,16.049423393739705,218,12194,4236,0.1204651435610171,True,True,False,"{""bounded_worker_limit_requested"": false, ""iowq_worker_limit_query_attempted"": true, ""iowq_worker_limit_registration_attempted"": true, ""iowq_worker_limit_registration_supported"": true, ""post_set_bounded_worker_max"": 32, ""post_set_query_error"": """", ""post_set_unbounded_worker_max"": 8, ""previous_bounded_worker_max"": 32, ""previous_unbounded_worker_max"": 56743, ""query_error"": """", ""registration_error"": """", ""registration_returned_bounded_worker_max"": 32, ""registration_returned_unbounded_worker_max"": 56743, ""requested_bounded_worker_max"": 32, ""requested_unbounded_worker_max"": 8, ""unbounded_worker_limit_requested"": true}"
run,resident,U8,3,26729.187539413702,5.033411502,0.01193,40.200817,40.212747,7.989163410148699,298.8928637792759,1000000,,1000000,1000000,False,20,12,1,248,22101,20762,11.509881084780563,788,15.94441810855653,216,11689,4114,0.1174603646526286,True,True,False,"{""bounded_worker_limit_requested"": false, ""iowq_worker_limit_query_attempted"": true, ""iowq_worker_limit_registration_attempted"": true, ""iowq_worker_limit_registration_supported"": true, ""post_set_bounded_worker_max"": 32, ""post_set_query_error"": """", ""post_set_unbounded_worker_max"": 8, ""previous_bounded_worker_max"": 32, ""previous_unbounded_worker_max"": 56743, ""query_error"": """", ""registration_error"": """", ""registration_returned_bounded_worker_max"": 32, ""registration_returned_unbounded_worker_max"": 56743, ""requested_bounded_worker_max"": 32, ""requested_unbounded_worker_max"": 8, ""unbounded_worker_limit_requested"": true}"
run,resident,U16,1,27590.661910654664,5.034928138,0.01197,40.195879,40.207848999999996,7.985784086279247,289.43793056285404,1000000,,1000000,1000000,False,31,15,2,238,27840,23827,10.327633633187123,936,14.805179580091655,170,13451,5033,0.13305786908729672,True,True,False,"{""bounded_worker_limit_requested"": false, ""iowq_worker_limit_query_attempted"": true, ""iowq_worker_limit_registration_attempted"": true, ""iowq_worker_limit_registration_supported"": true, ""post_set_bounded_worker_max"": 32, ""post_set_query_error"": """", ""post_set_unbounded_worker_max"": 16, ""previous_bounded_worker_max"": 32, ""previous_unbounded_worker_max"": 56743, ""query_error"": """", ""registration_error"": """", ""registration_returned_bounded_worker_max"": 32, ""registration_returned_unbounded_worker_max"": 56743, ""requested_bounded_worker_max"": 32, ""requested_unbounded_worker_max"": 16, ""unbounded_worker_limit_requested"": true}"
run,resident,U16,2,27431.58465472815,5.033176236,0.027916,40.14967,40.177586,7.982551000822932,290.99853695280586,1000000,,1000000,1000000,False,31,15,2,278,38168,23624,8.385545095657456,931,13.936408599979812,347,16465,5669,0.16031230987629283,True,True,False,"{""bounded_worker_limit_requested"": false, ""iowq_worker_limit_query_attempted"": true, ""iowq_worker_limit_registration_attempted"": true, ""iowq_worker_limit_registration_supported"": true, ""post_set_bounded_worker_max"": 32, ""post_set_query_error"": """", ""post_set_unbounded_worker_max"": 16, ""previous_bounded_worker_max"": 32, ""previous_unbounded_worker_max"": 56743, ""query_error"": """", ""registration_error"": """", ""registration_returned_bounded_worker_max"": 32, ""registration_returned_unbounded_worker_max"": 56743, ""requested_bounded_worker_max"": 32, ""requested_unbounded_worker_max"": 16, ""unbounded_worker_limit_requested"": true}"
run,resident,U16,3,26507.46594813378,5.036166047,0.009852,40.23737,40.247222,7.991639200215592,301.4863516509858,1000000,,1000000,1000000,False,29,13,2,206,30001,24005,9.693994626388788,988,14.648963019861736,237,13771,4879,0.13970456043626775,True,True,False,"{""bounded_worker_limit_requested"": false, ""iowq_worker_limit_query_attempted"": true, ""iowq_worker_limit_registration_attempted"": true, ""iowq_worker_limit_registration_supported"": true, ""post_set_bounded_worker_max"": 32, ""post_set_query_error"": """", ""post_set_unbounded_worker_max"": 16, ""previous_bounded_worker_max"": 32, ""previous_unbounded_worker_max"": 56743, ""query_error"": """", ""registration_error"": """", ""registration_returned_bounded_worker_max"": 32, ""registration_returned_unbounded_worker_max"": 56743, ""requested_bounded_worker_max"": 32, ""requested_unbounded_worker_max"": 16, ""unbounded_worker_limit_requested"": true}"
run,resident,default,1,27574.389296044,5.027491217,0.218637,39.905048,40.123685,7.980856309470108,289.43002957512806,1000000,,1000000,1000000,False,169,13,2,602,28212,13599,13.591176470588236,928,32.44324830329979,923,10200,2365,0.09063694726971074,True,True,False,"{""bounded_worker_limit_requested"": false, ""iowq_worker_limit_query_attempted"": true, ""iowq_worker_limit_registration_attempted"": false, ""iowq_worker_limit_registration_supported"": true, ""post_set_bounded_worker_max"": null, ""post_set_query_error"": """", ""post_set_unbounded_worker_max"": null, ""previous_bounded_worker_max"": 32, ""previous_unbounded_worker_max"": 56743, ""query_error"": """", ""registration_error"": """", ""registration_returned_bounded_worker_max"": null, ""registration_returned_unbounded_worker_max"": null, ""requested_bounded_worker_max"": null, ""requested_unbounded_worker_max"": null, ""unbounded_worker_limit_requested"": false}"
run,resident,default,2,26280.25493383668,5.026092796,0.235577,39.91083,40.146406999999996,7.987597648803934,303.9391234565097,1000000,,1000000,1000000,False,160,13,2,587,26371,13227,13.635490864044597,995,36.57906397119911,761,9687,2000,0.08847956271245468,True,True,False,"{""bounded_worker_limit_requested"": false, ""iowq_worker_limit_query_attempted"": true, ""iowq_worker_limit_registration_attempted"": false, ""iowq_worker_limit_registration_supported"": true, ""post_set_bounded_worker_max"": null, ""post_set_query_error"": """", ""post_set_unbounded_worker_max"": null, ""previous_bounded_worker_max"": 32, ""previous_unbounded_worker_max"": 56743, ""query_error"": """", ""registration_error"": """", ""registration_returned_bounded_worker_max"": null, ""registration_returned_unbounded_worker_max"": null, ""requested_bounded_worker_max"": null, ""requested_unbounded_worker_max"": null, ""unbounded_worker_limit_requested"": false}"
run,resident,default,3,27052.826557326913,5.03511157,0.189743,40.026412,40.216155,7.9871427754678335,295.2424493811209,1000000,,1000000,1000000,False,173,14,2,714,23016,13349,16.51078787878788,897,34.998458376156215,871,8250,2088,0.07589528242324578,True,True,False,"{""bounded_worker_limit_requested"": false, ""iowq_worker_limit_query_attempted"": true, ""iowq_worker_limit_registration_attempted"": false, ""iowq_worker_limit_registration_supported"": true, ""post_set_bounded_worker_max"": null, ""post_set_query_error"": """", ""post_set_unbounded_worker_max"": null, ""previous_bounded_worker_max"": 32, ""previous_unbounded_worker_max"": 56743, ""query_error"": """", ""registration_error"": """", ""registration_returned_bounded_worker_max"": null, ""registration_returned_unbounded_worker_max"": null, ""requested_bounded_worker_max"": null, ""requested_unbounded_worker_max"": null, ""unbounded_worker_limit_requested"": false}"
