mode,repetition,MiB_s,wall_s,user_cpu_s,system_cpu_s,process_cpu_s,effective_cores,cpu_us_op,peak_tasks,peak_go_threads,peak_not_in_go,peak_runnable,voluntary_cs,involuntary_cs,average_submit_batch_size,submit_batch_size_max,cqes_per_completion_drain,completion_batch_size_max,submit_enter_calls,wait_enter_calls,total_enter_calls_per_operation,force_async,lock_submitter_thread,record_issuer_tids,worker_config
blocking,1,14272.532807161355,5.000864315,0.345267,17.039369,17.384636,3.4763262718116756,243.5675796847636,22,22,16,1001,89205,63497,,,,,,,,,,,null
blocking,2,14411.883152494638,5.000942572,0.320276,17.523298,17.843574,3.5680421726706446,247.57640170382805,23,23,15,999,93648,69996,,,,,,,,,,,null
blocking,3,14100.054195734809,5.000902764,0.372062,16.877291,17.249353,3.449247828646644,244.6265653141974,22,22,14,999,104135,70641,,,,,,,,,,,null
normal,1,9144.062369016921,5.05869253,0.193271,5.068645,5.261916,1.0401731215713954,113.75393994422465,8,8,2,200,11156,863,492.09574468085106,751,492.09574468085106,751,94,93,0.00404263138552003,False,False,False,"{""bounded_worker_limit_requested"": false, ""iowq_worker_limit_query_attempted"": true, ""iowq_worker_limit_registration_attempted"": false, ""iowq_worker_limit_registration_supported"": true, ""post_set_bounded_worker_max"": null, ""post_set_query_error"": """", ""post_set_unbounded_worker_max"": null, ""previous_bounded_worker_max"": 16, ""previous_unbounded_worker_max"": 63206, ""query_error"": """", ""registration_error"": """", ""registration_returned_bounded_worker_max"": null, ""registration_returned_unbounded_worker_max"": null, ""requested_bounded_worker_max"": null, ""requested_unbounded_worker_max"": null, ""unbounded_worker_limit_requested"": false}"
normal,2,8684.291334865398,5.09241322,0.188433,5.077556,5.265989,1.0340851719020556,119.07536631693198,8,8,2,201,9826,814,491.3777777777778,782,491.3777777777778,782,90,88,0.004024963820549928,False,False,False,"{""bounded_worker_limit_requested"": false, ""iowq_worker_limit_query_attempted"": true, ""iowq_worker_limit_registration_attempted"": false, ""iowq_worker_limit_registration_supported"": true, ""post_set_bounded_worker_max"": null, ""post_set_query_error"": """", ""post_set_unbounded_worker_max"": null, ""previous_bounded_worker_max"": 16, ""previous_unbounded_worker_max"": 63206, ""query_error"": """", ""registration_error"": """", ""registration_returned_bounded_worker_max"": null, ""registration_returned_unbounded_worker_max"": null, ""requested_bounded_worker_max"": null, ""requested_unbounded_worker_max"": null, ""unbounded_worker_limit_requested"": false}"
normal,3,7093.452837503563,5.118945714,0.150905,5.028767,5.179672,1.011863045516173,142.6474622015367,8,8,2,793,8173,2240,453.8875,1000,490.68918918918916,1000,80,65,0.003993280273195451,False,False,False,"{""bounded_worker_limit_requested"": false, ""iowq_worker_limit_query_attempted"": true, ""iowq_worker_limit_registration_attempted"": false, ""iowq_worker_limit_registration_supported"": true, ""post_set_bounded_worker_max"": null, ""post_set_query_error"": """", ""post_set_unbounded_worker_max"": null, ""previous_bounded_worker_max"": 16, ""previous_unbounded_worker_max"": 63206, ""query_error"": """", ""registration_error"": """", ""registration_returned_bounded_worker_max"": null, ""registration_returned_unbounded_worker_max"": null, ""requested_bounded_worker_max"": null, ""requested_unbounded_worker_max"": null, ""unbounded_worker_limit_requested"": false}"
U1,1,8934.362739588541,5.113291382,0.680125,5.829548,6.509673,1.2730886064728475,142.4934988179669,10,9,2,3,263736,3238,1.0310786106032908,599,1.0031400276673768,20,44307,45561,1.9671657473075912,True,True,False,"{""bounded_worker_limit_requested"": false, ""iowq_worker_limit_query_attempted"": true, ""iowq_worker_limit_registration_attempted"": true, ""iowq_worker_limit_registration_supported"": true, ""post_set_bounded_worker_max"": 16, ""post_set_query_error"": """", ""post_set_unbounded_worker_max"": 1, ""previous_bounded_worker_max"": 16, ""previous_unbounded_worker_max"": 63206, ""query_error"": """", ""registration_error"": """", ""registration_returned_bounded_worker_max"": 16, ""registration_returned_unbounded_worker_max"": 63206, ""requested_bounded_worker_max"": 16, ""requested_unbounded_worker_max"": 1, ""unbounded_worker_limit_requested"": true}"
U1,2,8795.620868234964,5.122549127,0.722861,5.772316,6.495177,1.267957971503901,144.1578702059659,11,10,2,5,259779,4907,1.03100615546555,374,1.0062758235622558,9,43701,44773,1.9636452414772727,True,True,False,"{""bounded_worker_limit_requested"": false, ""iowq_worker_limit_query_attempted"": true, ""iowq_worker_limit_registration_attempted"": true, ""iowq_worker_limit_registration_supported"": true, ""post_set_bounded_worker_max"": 16, ""post_set_query_error"": """", ""post_set_unbounded_worker_max"": 1, ""previous_bounded_worker_max"": 16, ""previous_unbounded_worker_max"": 63206, ""query_error"": """", ""registration_error"": """", ""registration_returned_bounded_worker_max"": 16, ""registration_returned_unbounded_worker_max"": 63206, ""requested_bounded_worker_max"": 16, ""requested_unbounded_worker_max"": 1, ""unbounded_worker_limit_requested"": true}"
U1,3,8899.875410885948,5.119397508,0.71739,5.791635,6.509025,1.2714435614402773,142.86082700496027,10,9,2,9,262523,4887,1.0300687285223367,766,1.0076967311009863,12,44232,45210,1.9630832711470085,True,True,False,"{""bounded_worker_limit_requested"": false, ""iowq_worker_limit_query_attempted"": true, ""iowq_worker_limit_registration_attempted"": true, ""iowq_worker_limit_registration_supported"": true, ""post_set_bounded_worker_max"": 16, ""post_set_query_error"": """", ""post_set_unbounded_worker_max"": 1, ""previous_bounded_worker_max"": 16, ""previous_unbounded_worker_max"": 63206, ""query_error"": """", ""registration_error"": """", ""registration_returned_bounded_worker_max"": 16, ""registration_returned_unbounded_worker_max"": 63206, ""requested_bounded_worker_max"": 16, ""requested_unbounded_worker_max"": 1, ""unbounded_worker_limit_requested"": true}"
U2,1,10676.15238108646,5.091815671,1.158768,10.790661,11.949429,2.346791355401365,219.8162101506595,12,10,2,14,275928,25688,1.1215159579955025,778,1.1173895169578623,14,48471,47275,1.761299461010651,True,True,False,"{""bounded_worker_limit_requested"": false, ""iowq_worker_limit_query_attempted"": true, ""iowq_worker_limit_registration_attempted"": true, ""iowq_worker_limit_registration_supported"": true, ""post_set_bounded_worker_max"": 16, ""post_set_query_error"": """", ""post_set_unbounded_worker_max"": 2, ""previous_bounded_worker_max"": 16, ""previous_unbounded_worker_max"": 63206, ""query_error"": """", ""registration_error"": """", ""registration_returned_bounded_worker_max"": 16, ""registration_returned_unbounded_worker_max"": 63206, ""requested_bounded_worker_max"": 16, ""requested_unbounded_worker_max"": 2, ""unbounded_worker_limit_requested"": true}"
U2,2,10427.73574190563,5.121150106,0.908766,10.987802,11.896568,2.323026615849795,222.77382869555447,12,10,2,11,272416,28831,1.1174304247750575,283,1.1147479386285357,57,47790,46546,1.7665255982921988,True,True,False,"{""bounded_worker_limit_requested"": false, ""iowq_worker_limit_query_attempted"": true, ""iowq_worker_limit_registration_attempted"": true, ""iowq_worker_limit_registration_supported"": true, ""post_set_bounded_worker_max"": 16, ""post_set_query_error"": """", ""post_set_unbounded_worker_max"": 2, ""previous_bounded_worker_max"": 16, ""previous_unbounded_worker_max"": 63206, ""query_error"": """", ""registration_error"": """", ""registration_returned_bounded_worker_max"": 16, ""registration_returned_unbounded_worker_max"": 63206, ""requested_bounded_worker_max"": 16, ""requested_unbounded_worker_max"": 2, ""unbounded_worker_limit_requested"": true}"
U2,3,8354.948502188125,5.116967506,0.592406,9.260221,9.852627,1.925481642876784,230.46002526197606,13,11,2,19,197179,101445,1.291562188453521,998,1.3226085880460339,26,33101,30873,1.4963978293413174,True,True,False,"{""bounded_worker_limit_requested"": false, ""iowq_worker_limit_query_attempted"": true, ""iowq_worker_limit_registration_attempted"": true, ""iowq_worker_limit_registration_supported"": true, ""post_set_bounded_worker_max"": 16, ""post_set_query_error"": """", ""post_set_unbounded_worker_max"": 2, ""previous_bounded_worker_max"": 16, ""previous_unbounded_worker_max"": 63206, ""query_error"": """", ""registration_error"": """", ""registration_returned_bounded_worker_max"": 16, ""registration_returned_unbounded_worker_max"": 63206, ""requested_bounded_worker_max"": 16, ""requested_unbounded_worker_max"": 2, ""unbounded_worker_limit_requested"": true}"
U4,1,10991.043218760258,5.08714222,0.794875,17.44611,18.240985000000002,3.585703762769975,326.238710138966,15,11,2,17,245727,206556,1.3102357407320617,778,1.3115573174450517,34,42674,39996,1.478547028419151,True,True,False,"{""bounded_worker_limit_requested"": false, ""iowq_worker_limit_query_attempted"": true, ""iowq_worker_limit_registration_attempted"": true, ""iowq_worker_limit_registration_supported"": true, ""post_set_bounded_worker_max"": 16, ""post_set_query_error"": """", ""post_set_unbounded_worker_max"": 4, ""previous_bounded_worker_max"": 16, ""previous_unbounded_worker_max"": 63206, ""query_error"": """", ""registration_error"": """", ""registration_returned_bounded_worker_max"": 16, ""registration_returned_unbounded_worker_max"": 63206, ""requested_bounded_worker_max"": 16, ""requested_unbounded_worker_max"": 4, ""unbounded_worker_limit_requested"": true}"
U4,2,10980.48650850693,5.094400868,0.763006,17.786222,18.549228,3.6411009813764816,331.5974186167075,14,10,2,20,245809,212562,1.3092802808660036,400,1.3111215281846946,27,42725,39986,1.4785927528200362,True,True,False,"{""bounded_worker_limit_requested"": false, ""iowq_worker_limit_query_attempted"": true, ""iowq_worker_limit_registration_attempted"": true, ""iowq_worker_limit_registration_supported"": true, ""post_set_bounded_worker_max"": 16, ""post_set_query_error"": """", ""post_set_unbounded_worker_max"": 4, ""previous_bounded_worker_max"": 16, ""previous_unbounded_worker_max"": 63206, ""query_error"": """", ""registration_error"": """", ""registration_returned_bounded_worker_max"": 16, ""registration_returned_unbounded_worker_max"": 63206, ""requested_bounded_worker_max"": 16, ""requested_unbounded_worker_max"": 4, ""unbounded_worker_limit_requested"": true}"
U4,3,11024.185702439965,5.093346712,0.773555,17.800114,18.573669000000002,3.6466531831104616,330.78662511130904,14,10,2,19,253672,219029,1.2789558800082,650,1.2985361115607872,30,43903,40421,1.5017631344612645,True,True,False,"{""bounded_worker_limit_requested"": false, ""iowq_worker_limit_query_attempted"": true, ""iowq_worker_limit_registration_attempted"": true, ""iowq_worker_limit_registration_supported"": true, ""post_set_bounded_worker_max"": 16, ""post_set_query_error"": """", ""post_set_unbounded_worker_max"": 4, ""previous_bounded_worker_max"": 16, ""previous_unbounded_worker_max"": 63206, ""query_error"": """", ""registration_error"": """", ""registration_returned_bounded_worker_max"": 16, ""registration_returned_unbounded_worker_max"": 63206, ""requested_bounded_worker_max"": 16, ""requested_unbounded_worker_max"": 4, ""unbounded_worker_limit_requested"": true}"
U8,1,11073.614982979472,5.086685792,0.656159,17.397753,18.053912,3.5492485162724203,320.51398949012923,20,12,2,47,183993,141993,1.7105375037959307,695,1.8912167606768735,55,32930,27877,1.0795164039198977,True,True,False,"{""bounded_worker_limit_requested"": false, ""iowq_worker_limit_query_attempted"": true, ""iowq_worker_limit_registration_attempted"": true, ""iowq_worker_limit_registration_supported"": true, ""post_set_bounded_worker_max"": 16, ""post_set_query_error"": """", ""post_set_unbounded_worker_max"": 8, ""previous_bounded_worker_max"": 16, ""previous_unbounded_worker_max"": 63206, ""query_error"": """", ""registration_error"": """", ""registration_returned_bounded_worker_max"": 16, ""registration_returned_unbounded_worker_max"": 63206, ""requested_bounded_worker_max"": 16, ""requested_unbounded_worker_max"": 8, ""unbounded_worker_limit_requested"": true}"
U8,2,10743.15137237177,5.098131647,0.717385,16.61159,17.328975,3.3990834681951085,316.3953806828556,19,11,2,51,172154,128246,1.72781475756333,754,1.9868678807226294,50,31699,25817,1.0501369362789847,True,True,False,"{""bounded_worker_limit_requested"": false, ""iowq_worker_limit_query_attempted"": true, ""iowq_worker_limit_registration_attempted"": true, ""iowq_worker_limit_registration_supported"": true, ""post_set_bounded_worker_max"": 16, ""post_set_query_error"": """", ""post_set_unbounded_worker_max"": 8, ""previous_bounded_worker_max"": 16, ""previous_unbounded_worker_max"": 63206, ""query_error"": """", ""registration_error"": """", ""registration_returned_bounded_worker_max"": 16, ""registration_returned_unbounded_worker_max"": 63206, ""requested_bounded_worker_max"": 16, ""requested_unbounded_worker_max"": 8, ""unbounded_worker_limit_requested"": true}"
U8,3,11089.363157759608,5.092086822,0.700018,17.72937,18.429388,3.6192210864074696,326.3687043989516,19,11,2,38,172090,138548,1.8376724811247072,397,1.922642151855635,46,30728,27568,1.032372317064532,True,True,False,"{""bounded_worker_limit_requested"": false, ""iowq_worker_limit_query_attempted"": true, ""iowq_worker_limit_registration_attempted"": true, ""iowq_worker_limit_registration_supported"": true, ""post_set_bounded_worker_max"": 16, ""post_set_query_error"": """", ""post_set_unbounded_worker_max"": 8, ""previous_bounded_worker_max"": 16, ""previous_unbounded_worker_max"": 63206, ""query_error"": """", ""registration_error"": """", ""registration_returned_bounded_worker_max"": 16, ""registration_returned_unbounded_worker_max"": 63206, ""requested_bounded_worker_max"": 16, ""requested_unbounded_worker_max"": 8, ""unbounded_worker_limit_requested"": true}"
U16,1,11069.631480299857,5.090774711,0.660553,17.671628,18.332181,3.601059178750996,325.30976168083333,28,12,2,145,144435,98266,1.9919759632378933,609,3.1094741488715996,143,28290,16736,0.798999165971643,True,True,False,"{""bounded_worker_limit_requested"": false, ""iowq_worker_limit_query_attempted"": true, ""iowq_worker_limit_registration_attempted"": true, ""iowq_worker_limit_registration_supported"": true, ""post_set_bounded_worker_max"": 16, ""post_set_query_error"": """", ""post_set_unbounded_worker_max"": 16, ""previous_bounded_worker_max"": 16, ""previous_unbounded_worker_max"": 63206, ""query_error"": """", ""registration_error"": """", ""registration_returned_bounded_worker_max"": 16, ""registration_returned_unbounded_worker_max"": 63206, ""requested_bounded_worker_max"": 16, ""requested_unbounded_worker_max"": 16, ""unbounded_worker_limit_requested"": true}"
U16,2,11117.200712395028,5.093818261,0.63736,17.861488,18.498848000000002,3.6316270137930626,326.66739656359823,28,12,2,62,145461,101520,2.01792395681146,1000,3.060530724747338,87,28063,17087,0.7972946723410267,True,True,False,"{""bounded_worker_limit_requested"": false, ""iowq_worker_limit_query_attempted"": true, ""iowq_worker_limit_registration_attempted"": true, ""iowq_worker_limit_registration_supported"": true, ""post_set_bounded_worker_max"": 16, ""post_set_query_error"": """", ""post_set_unbounded_worker_max"": 16, ""previous_bounded_worker_max"": 16, ""previous_unbounded_worker_max"": 63206, ""query_error"": """", ""registration_error"": """", ""registration_returned_bounded_worker_max"": 16, ""registration_returned_unbounded_worker_max"": 63206, ""requested_bounded_worker_max"": 16, ""requested_unbounded_worker_max"": 16, ""unbounded_worker_limit_requested"": true}"
U16,3,9690.678403253934,5.100984466,0.561338,13.142839,13.704177,2.6865749330043145,277.2329058100016,27,11,2,92,139547,75540,1.8263504027192787,749,3.17298928044162,77,27066,14489,0.840649781518045,True,True,False,"{""bounded_worker_limit_requested"": false, ""iowq_worker_limit_query_attempted"": true, ""iowq_worker_limit_registration_attempted"": true, ""iowq_worker_limit_registration_supported"": true, ""post_set_bounded_worker_max"": 16, ""post_set_query_error"": """", ""post_set_unbounded_worker_max"": 16, ""previous_bounded_worker_max"": 16, ""previous_unbounded_worker_max"": 63206, ""query_error"": """", ""registration_error"": """", ""registration_returned_bounded_worker_max"": 16, ""registration_returned_unbounded_worker_max"": 63206, ""requested_bounded_worker_max"": 16, ""requested_unbounded_worker_max"": 16, ""unbounded_worker_limit_requested"": true}"
U32,1,10925.947361088236,5.085508667,0.549177,17.075373,17.62455,3.4656415226201793,317.1936865596429,43,11,2,161,112518,59756,2.151808535357447,1000,5.386718371303926,146,25822,9176,0.6298682600244763,True,True,False,"{""bounded_worker_limit_requested"": false, ""iowq_worker_limit_query_attempted"": true, ""iowq_worker_limit_registration_attempted"": true, ""iowq_worker_limit_registration_supported"": true, ""post_set_bounded_worker_max"": 16, ""post_set_query_error"": """", ""post_set_unbounded_worker_max"": 32, ""previous_bounded_worker_max"": 16, ""previous_unbounded_worker_max"": 63206, ""query_error"": """", ""registration_error"": """", ""registration_returned_bounded_worker_max"": 16, ""registration_returned_unbounded_worker_max"": 63206, ""requested_bounded_worker_max"": 16, ""requested_unbounded_worker_max"": 32, ""unbounded_worker_limit_requested"": true}"
U32,2,10810.79163195257,5.092319034,0.566489,16.711512,17.278001,3.3929533645947134,313.8487430066119,44,12,2,154,108971,55867,2.181659665530633,908,5.1011860637509265,377,25234,9641,0.6334919712272034,True,True,False,"{""bounded_worker_limit_requested"": false, ""iowq_worker_limit_query_attempted"": true, ""iowq_worker_limit_registration_attempted"": true, ""iowq_worker_limit_registration_supported"": true, ""post_set_bounded_worker_max"": 16, ""post_set_query_error"": """", ""post_set_unbounded_worker_max"": 32, ""previous_bounded_worker_max"": 16, ""previous_unbounded_worker_max"": 63206, ""query_error"": """", ""registration_error"": """", ""registration_returned_bounded_worker_max"": 16, ""registration_returned_unbounded_worker_max"": 63206, ""requested_bounded_worker_max"": 16, ""requested_unbounded_worker_max"": 32, ""unbounded_worker_limit_requested"": true}"
U32,3,10533.968246871125,5.091528543,0.56872,16.002472,16.571192,3.25465955067317,308.96804265950703,42,10,2,169,116762,56403,2.019732630389757,760,4.499496644295302,138,26555,10707,0.69474587015699,True,True,False,"{""bounded_worker_limit_requested"": false, ""iowq_worker_limit_query_attempted"": true, ""iowq_worker_limit_registration_attempted"": true, ""iowq_worker_limit_registration_supported"": true, ""post_set_bounded_worker_max"": 16, ""post_set_query_error"": """", ""post_set_unbounded_worker_max"": 32, ""previous_bounded_worker_max"": 16, ""previous_unbounded_worker_max"": 63206, ""query_error"": """", ""registration_error"": """", ""registration_returned_bounded_worker_max"": 16, ""registration_returned_unbounded_worker_max"": 63206, ""requested_bounded_worker_max"": 16, ""requested_unbounded_worker_max"": 32, ""unbounded_worker_limit_requested"": true}"
U64,1,11197.517555613522,5.086663157,0.560308,17.867554,18.427861999999998,3.6227800880898777,323.53421819586356,74,10,2,244,91548,33202,2.3684144870888604,754,10.180160857908847,222,24049,4579,0.5026159626391377,True,True,False,"{""bounded_worker_limit_requested"": false, ""iowq_worker_limit_query_attempted"": true, ""iowq_worker_limit_registration_attempted"": true, ""iowq_worker_limit_registration_supported"": true, ""post_set_bounded_worker_max"": 16, ""post_set_query_error"": """", ""post_set_unbounded_worker_max"": 64, ""previous_bounded_worker_max"": 16, ""previous_unbounded_worker_max"": 63206, ""query_error"": """", ""registration_error"": """", ""registration_returned_bounded_worker_max"": 16, ""registration_returned_unbounded_worker_max"": 63206, ""requested_bounded_worker_max"": 16, ""requested_unbounded_worker_max"": 64, ""unbounded_worker_limit_requested"": true}"
U64,2,10874.247957422618,5.081730729,0.510849,17.155844,17.666693,3.4765110436059072,319.7012848353239,75,11,2,278,82767,28876,2.381383322559793,385,11.587334871042147,275,23205,3889,0.4903003981179877,True,True,False,"{""bounded_worker_limit_requested"": false, ""iowq_worker_limit_query_attempted"": true, ""iowq_worker_limit_registration_attempted"": true, ""iowq_worker_limit_registration_supported"": true, ""post_set_bounded_worker_max"": 16, ""post_set_query_error"": """", ""post_set_unbounded_worker_max"": 64, ""previous_bounded_worker_max"": 16, ""previous_unbounded_worker_max"": 63206, ""query_error"": """", ""registration_error"": """", ""registration_returned_bounded_worker_max"": 16, ""registration_returned_unbounded_worker_max"": 63206, ""requested_bounded_worker_max"": 16, ""requested_unbounded_worker_max"": 64, ""unbounded_worker_limit_requested"": true}"
U64,3,10942.378769834448,5.109857845,0.570791,17.401741,17.972532,3.517227395589124,321.4316986801159,73,9,2,1001,74432,35039,3.016508416055244,1000,9.248097915977505,207,18536,5007,0.42105733805487,True,True,False,"{""bounded_worker_limit_requested"": false, ""iowq_worker_limit_query_attempted"": true, ""iowq_worker_limit_registration_attempted"": true, ""iowq_worker_limit_registration_supported"": true, ""post_set_bounded_worker_max"": 16, ""post_set_query_error"": """", ""post_set_unbounded_worker_max"": 64, ""previous_bounded_worker_max"": 16, ""previous_unbounded_worker_max"": 63206, ""query_error"": """", ""registration_error"": """", ""registration_returned_bounded_worker_max"": 16, ""registration_returned_unbounded_worker_max"": 63206, ""requested_bounded_worker_max"": 16, ""requested_unbounded_worker_max"": 64, ""unbounded_worker_limit_requested"": true}"
default,1,11111.770045152523,5.085958382,0.392457,17.678051,18.070508,3.553019242932531,319.7527692253247,205,10,2,462,35819,30468,9.249427168576105,878,24.234133790737566,622,6110,1789,0.13977067629260007,True,True,False,"{""bounded_worker_limit_requested"": false, ""iowq_worker_limit_query_attempted"": true, ""iowq_worker_limit_registration_attempted"": false, ""iowq_worker_limit_registration_supported"": true, ""post_set_bounded_worker_max"": null, ""post_set_query_error"": """", ""post_set_unbounded_worker_max"": null, ""previous_bounded_worker_max"": 16, ""previous_unbounded_worker_max"": 63206, ""query_error"": """", ""registration_error"": """", ""registration_returned_bounded_worker_max"": null, ""registration_returned_unbounded_worker_max"": null, ""requested_bounded_worker_max"": null, ""requested_unbounded_worker_max"": null, ""unbounded_worker_limit_requested"": false}"
default,2,11130.970474620823,5.053198203,0.434626,17.810305,18.244931,3.6105710219655123,324.3716287090867,182,10,2,678,36608,29118,7.204688100422698,974,18.538892551087674,503,7807,2320,0.1800451579639803,True,True,False,"{""bounded_worker_limit_requested"": false, ""iowq_worker_limit_query_attempted"": true, ""iowq_worker_limit_registration_attempted"": false, ""iowq_worker_limit_registration_supported"": true, ""post_set_bounded_worker_max"": null, ""post_set_query_error"": """", ""post_set_unbounded_worker_max"": null, ""previous_bounded_worker_max"": 16, ""previous_unbounded_worker_max"": 63206, ""query_error"": """", ""registration_error"": """", ""registration_returned_bounded_worker_max"": null, ""registration_returned_unbounded_worker_max"": null, ""requested_bounded_worker_max"": null, ""requested_unbounded_worker_max"": null, ""unbounded_worker_limit_requested"": false}"
default,3,10940.657058655017,5.055912063,0.348069,17.230926,17.578995,3.476918660956544,317.79797523275784,220,9,2,683,27618,28177,12.267686848525171,832,33.852509179926564,701,4509,1183,0.102901563771129,True,True,False,"{""bounded_worker_limit_requested"": false, ""iowq_worker_limit_query_attempted"": true, ""iowq_worker_limit_registration_attempted"": false, ""iowq_worker_limit_registration_supported"": true, ""post_set_bounded_worker_max"": null, ""post_set_query_error"": """", ""post_set_unbounded_worker_max"": null, ""previous_bounded_worker_max"": 16, ""previous_unbounded_worker_max"": 63206, ""query_error"": """", ""registration_error"": """", ""registration_returned_bounded_worker_max"": null, ""registration_returned_unbounded_worker_max"": null, ""requested_bounded_worker_max"": null, ""requested_unbounded_worker_max"": null, ""unbounded_worker_limit_requested"": false}"
