mode,repetition,outstanding,MiB_s,wall_s,user_cpu_s,system_cpu_s,cpu_wall,cpu_us_op,peak_tasks,peak_go_threads,peak_not_in_go,peak_runnable,voluntary_cs,involuntary_cs,after_dontneed_ppm,before_measurement_ppm,enter_op,avg_submit_batch,max_submit_batch,avg_cq_drain,max_cq_drain,worker_configuration
B4,1,4,6029.114543938385,5.000568455,0.225883,7.175914,1.4801911155918772,245.50721416962418,10,10,4,77,73616,45817,0,0,,,,,,
B4,2,4,6997.9963738267825,5.000431285,0.238108,8.83244,1.813953133844534,259.2103563569857,10,10,4,3,83008,52668,0,0,,,,,,
B4,3,4,8732.68306718216,5.00098305,0.266302,12.778066,2.6083607701889733,298.6895035720828,10,10,4,3,98737,67630,0,0,,,,,,
B16,1,16,7597.616693825869,5.001305216,0.297361,10.537872,2.1664810548527016,285.15271856413494,21,21,16,16,96550,45117,0,0,,,,,,
B16,2,16,7850.893553216132,5.000832037,0.272907,10.892934,2.232796646115391,284.40032092916636,21,21,16,16,106117,50327,0,0,,,,,,
B16,3,16,7616.452522688832,5.001015878,0.251078,10.530659,2.155909371819835,283.0595169335784,22,22,16,16,93869,48824,0,0,,,,,,
B64,1,64,8306.144048533342,5.000515252,0.27079,12.085292,2.470961766401588,297.4860238353196,70,70,64,221,100807,52546,0,0,,,,,,
B64,2,64,7880.184240341878,5.005086023,0.299771,10.533678,2.1644880727757276,274.67480540554243,69,69,64,64,106301,47340,0,0,,,,,,
B64,3,64,8464.188452684311,5.000833835,0.356073,12.300119,2.530816343350869,299.002835002835,69,69,64,64,97300,56833,0,0,,,,,,
B256,1,256,6651.108653004089,5.000670074,0.255573,8.527073,1.7562938306335463,264.06031268791344,261,261,256,934,93240,37291,0,0,,,,,,
B256,2,256,7914.452309648917,5.000851411,0.265248,11.068895,2.266442665156803,286.3675939260719,262,262,256,923,98402,44225,0,0,,,,,,
B256,3,256,8729.721496887065,5.001763231,0.291433,12.972968,2.651945001672551,303.78346005862954,262,262,256,935,96716,60886,0,0,,,,,,
B1000,1,1000,8685.558665659386,5.000944864,0.244957,10.13359,2.075317221493766,238.93882954231512,1005,1005,1000,1000,83578,37350,0,0,,,,,,
B1000,2,1000,10056.214944169493,5.009737787,0.28024,11.702097,2.3918092142653693,237.84388336410012,1006,1006,1000,1000,91477,48209,0,0,,,,,,
B1000,3,1000,10558.079754378501,5.003087799,0.244104,13.28787,2.7047244708966978,256.17579463491285,449,449,440,1000,90494,58115,0,0,,,,,,
normal,1,1000,6037.11080246578,5.050097803,0.142365,4.80904,0.9804572491761702,162.4050446077145,8,8,2,286,7026,1648,0,0,0.003968774599842561,499.8032786885246,915,455.04477611940297,915,"{""bounded_worker_limit_requested"": false, ""iowq_worker_limit_query_attempted"": true, ""iowq_worker_limit_registration_attempted"": false, ""iowq_worker_limit_registration_supported"": true, ""post_set_bounded_worker_max"": null, ""post_set_query_error"": """", ""post_set_unbounded_worker_max"": null, ""previous_bounded_worker_max"": 16, ""previous_unbounded_worker_max"": 63206, ""query_error"": """", ""registration_error"": """", ""registration_returned_bounded_worker_max"": null, ""registration_returned_unbounded_worker_max"": null, ""requested_bounded_worker_max"": null, ""requested_unbounded_worker_max"": null, ""unbounded_worker_limit_requested"": false}"
normal,2,1000,5383.638014268635,5.060704291,0.126171,4.598747,0.9336483082804966,173.42330702881267,8,8,2,485,6440,3369,0,0,0.0036703982382088455,495.3636363636364,1000,461.77966101694915,1000,"{""bounded_worker_limit_requested"": false, ""iowq_worker_limit_query_attempted"": true, ""iowq_worker_limit_registration_attempted"": false, ""iowq_worker_limit_registration_supported"": true, ""post_set_bounded_worker_max"": null, ""post_set_query_error"": """", ""post_set_unbounded_worker_max"": null, ""previous_bounded_worker_max"": 16, ""previous_unbounded_worker_max"": 63206, ""query_error"": """", ""registration_error"": """", ""registration_returned_bounded_worker_max"": null, ""registration_returned_unbounded_worker_max"": null, ""requested_bounded_worker_max"": null, ""requested_unbounded_worker_max"": null, ""unbounded_worker_limit_requested"": false}"
normal,3,1000,5535.98999318692,5.147046876,0.134151,4.766871,0.9522007702810749,172.00189513581807,8,8,2,188,6311,2314,0,0,0.00410612760581175,482.9491525423729,1000,438.3692307692308,1000,"{""bounded_worker_limit_requested"": false, ""iowq_worker_limit_query_attempted"": true, ""iowq_worker_limit_registration_attempted"": false, ""iowq_worker_limit_registration_supported"": true, ""post_set_bounded_worker_max"": null, ""post_set_query_error"": """", ""post_set_unbounded_worker_max"": null, ""previous_bounded_worker_max"": 16, ""previous_unbounded_worker_max"": 63206, ""query_error"": """", ""registration_error"": """", ""registration_returned_bounded_worker_max"": null, ""registration_returned_unbounded_worker_max"": null, ""requested_bounded_worker_max"": null, ""requested_unbounded_worker_max"": null, ""unbounded_worker_limit_requested"": false}"
U4,1,1000,7410.334353693212,5.127973744,0.516031,10.993186,2.2443985820844716,302.87413157894736,15,11,2,46,163359,103304,0,0,1.3523684210526317,1.3624955181068483,411,1.522740933680625,31,"{""bounded_worker_limit_requested"": false, ""iowq_worker_limit_query_attempted"": true, ""iowq_worker_limit_registration_attempted"": true, ""iowq_worker_limit_registration_supported"": true, ""post_set_bounded_worker_max"": 16, ""post_set_query_error"": """", ""post_set_unbounded_worker_max"": 4, ""previous_bounded_worker_max"": 16, ""previous_unbounded_worker_max"": 63206, ""query_error"": """", ""registration_error"": """", ""registration_returned_bounded_worker_max"": 16, ""registration_returned_unbounded_worker_max"": 63206, ""requested_bounded_worker_max"": 16, ""requested_unbounded_worker_max"": 4, ""unbounded_worker_limit_requested"": true}"
U4,2,1000,8402.456280102488,5.12076452,0.577885,12.747972,2.602317866395466,309.70918260627053,15,11,2,22,182280,131192,0,0,1.3674436981430265,1.366760903402052,197,1.471763297417479,47,"{""bounded_worker_limit_requested"": false, ""iowq_worker_limit_query_attempted"": true, ""iowq_worker_limit_registration_attempted"": true, ""iowq_worker_limit_registration_supported"": true, ""post_set_bounded_worker_max"": 16, ""post_set_query_error"": """", ""post_set_unbounded_worker_max"": 4, ""previous_bounded_worker_max"": 16, ""previous_unbounded_worker_max"": 63206, ""query_error"": """", ""registration_error"": """", ""registration_returned_bounded_worker_max"": 16, ""registration_returned_unbounded_worker_max"": 63206, ""requested_bounded_worker_max"": 16, ""requested_unbounded_worker_max"": 4, ""unbounded_worker_limit_requested"": true}"
U4,3,1000,7423.028009692173,5.109505171,0.514374,10.839207,2.222050985375155,299.34562855937565,15,11,2,28,158622,103953,0,0,1.3157825353300991,1.3900678028220634,669,1.5720799137859571,30,"{""bounded_worker_limit_requested"": false, ""iowq_worker_limit_query_attempted"": true, ""iowq_worker_limit_registration_attempted"": true, ""iowq_worker_limit_registration_supported"": true, ""post_set_bounded_worker_max"": 16, ""post_set_query_error"": """", ""post_set_unbounded_worker_max"": 4, ""previous_bounded_worker_max"": 16, ""previous_unbounded_worker_max"": 63206, ""query_error"": """", ""registration_error"": """", ""registration_returned_bounded_worker_max"": 16, ""registration_returned_unbounded_worker_max"": 63206, ""requested_bounded_worker_max"": 16, ""requested_unbounded_worker_max"": 4, ""unbounded_worker_limit_requested"": true}"
default,1,1000,8365.410683196695,5.098613997,0.363595,12.290533,2.481876056403883,296.68310981900026,989,10,2,641,60528,31835,0,0,0.37376910813092,3.6880242109814096,993,8.861832536879286,754,"{""bounded_worker_limit_requested"": false, ""iowq_worker_limit_query_attempted"": true, ""iowq_worker_limit_registration_attempted"": false, ""iowq_worker_limit_registration_supported"": true, ""post_set_bounded_worker_max"": null, ""post_set_query_error"": """", ""post_set_unbounded_worker_max"": null, ""previous_bounded_worker_max"": 16, ""previous_unbounded_worker_max"": 63206, ""query_error"": """", ""registration_error"": """", ""registration_returned_bounded_worker_max"": null, ""registration_returned_unbounded_worker_max"": null, ""requested_bounded_worker_max"": null, ""requested_unbounded_worker_max"": null, ""unbounded_worker_limit_requested"": false}"
default,2,1000,8485.244080533143,5.124307514,0.308319,12.691116,2.53681789480521,298.9681700052896,1011,11,2,824,55081,29386,0,0,0.30399484832455553,4.454107764802295,961,11.215114779468662,855,"{""bounded_worker_limit_requested"": false, ""iowq_worker_limit_query_attempted"": true, ""iowq_worker_limit_registration_attempted"": false, ""iowq_worker_limit_registration_supported"": true, ""post_set_bounded_worker_max"": null, ""post_set_query_error"": """", ""post_set_unbounded_worker_max"": null, ""previous_bounded_worker_max"": 16, ""previous_unbounded_worker_max"": 63206, ""query_error"": """", ""registration_error"": """", ""registration_returned_bounded_worker_max"": null, ""registration_returned_unbounded_worker_max"": null, ""requested_bounded_worker_max"": null, ""requested_unbounded_worker_max"": null, ""unbounded_worker_limit_requested"": false}"
default,3,1000,9650.484223532574,5.075496614,0.281433,15.214318,3.053051194489478,316.3624874951512,1014,14,2,657,38625,27779,0,0,0.16775892693085073,8.08934764657308,847,19.352429869616753,709,"{""bounded_worker_limit_requested"": false, ""iowq_worker_limit_query_attempted"": true, ""iowq_worker_limit_registration_attempted"": false, ""iowq_worker_limit_registration_supported"": true, ""post_set_bounded_worker_max"": null, ""post_set_query_error"": """", ""post_set_unbounded_worker_max"": null, ""previous_bounded_worker_max"": 16, ""previous_unbounded_worker_max"": 63206, ""query_error"": """", ""registration_error"": """", ""registration_returned_bounded_worker_max"": null, ""registration_returned_unbounded_worker_max"": null, ""requested_bounded_worker_max"": null, ""requested_unbounded_worker_max"": null, ""unbounded_worker_limit_requested"": false}"
